"Source:","C:\Projects\BANO_Working\Git_from_20230827\BANO_StepDown_LM5160_Environment\Main_PCB_002.kicad_sch"
"Date:","25.12.2023 15:50:32"
"Tool:","Eeschema 7.0.7"
"Generator:","C:\Program Files\KiCad\6.0\bin\scripting\plugins/bom_csv_grouped_by_value_with_fp.py"
"Component Count:","73"
"Ref","Qnty","Value","Cmp name","Footprint","Description","Vendor"
"C1, C2, C3, C4, ","4","C","C","Capacitor_SMD:C_0603_1608Metric_Pad1.08x0.95mm_HandSolder","Unpolarized capacitor",""
"D1, D2, D3, D4, D5, D6, D7, D8, D9, D10, D11, D12, D13, D14, D15, D16, D17, D18, D19, D20, D21, D22, D24, D25, D26, D27, D28, D29, D30, D31, D32, D33, D34, D35, ","34","WireHole_1p5","WireHole_1p5","Wire_holes:WireHole_1p2","",""
"D23, ","1","MM5Zxx","MM5Zxx","Diode_SMD:D_SOD-523","300mW Zener Diode, SOD-523",""
"R1, R2, R3, R4, R5, R7, R8, R9, R10, R11, R12, R13, R15, R16, R20, R21, R22, R23, R24, R25, R26, R27, R28, R29, R30, R31, R32, ","27","R","R","Resistor_SMD:R_0603_1608Metric_Pad0.98x0.95mm_HandSolder","Resistor",""
"R6, R14, R17, R18, R19, ","5","R","R","Resistor_SMD:R_2512_6332Metric_Pad1.40x3.35mm_HandSolder","Resistor",""
"U2, ","1","TLV9061IDCKR","TLV9061IDCKR","ul_TLV9061IDCKR:DCK5_TEX","",""
"U17, ","1","INA193","INA193","Package_TO_SOT_SMD:SOT-23-5","Current Shunt Monitor âˆ’16V to +80V Common-Mode Range, 20V/V, SOT-23-5",""
